{
  "total_samples": 573,
  "train_samples": 401,
  "validation_samples": 86,
  "test_samples": 86,
  "label_distribution": {
    "0": 191,
    "2": 191,
    "1": 191
  },
  "feature_stats": {
    "label": {
      "count": 573.0,
      "mean": 1.0,
      "std": 0.8172099900467247,
      "min": 0.0,
      "25%": 0.0,
      "50%": 1.0,
      "75%": 2.0,
      "max": 2.0
    },
    "text_length": {
      "count": 573.0,
      "mean": 35.63001745200698,
      "std": 8.846156340055373,
      "min": 17.0,
      "25%": 28.0,
      "50%": 37.0,
      "75%": 43.0,
      "max": 49.0
    },
    "word_count": {
      "count": 573.0,
      "mean": 5.776614310645725,
      "std": 1.397679540340759,
      "min": 3.0,
      "25%": 5.0,
      "50%": 6.0,
      "75%": 6.0,
      "max": 9.0
    },
    "caps_ratio": {
      "count": 573.0,
      "mean": 0.05070125274108007,
      "std": 0.03508263424226565,
      "min": 0.02040816326530612,
      "25%": 0.02564102564102564,
      "50%": 0.034482758620689655,
      "75%": 0.07692307692307693,
      "max": 0.14814814814814814
    },
    "exclamation_count": {
      "count": 573.0,
      "mean": 0.0,
      "std": 0.0,
      "min": 0.0,
      "25%": 0.0,
      "50%": 0.0,
      "75%": 0.0,
      "max": 0.0
    }
  },
  "timestamp": "2025-09-20T00:13:46.411432"
}